{"type": "logreg", "featureOrder": ["meanLogRet", "volLogRet", "skewLogRet", "kurtLogRet", "slope90", "maxDrawdownInWindow", "avgQuality", "regimeVol", "regimeTrend", "regimeConsistency", "effectiveSampleSize", "topMatchScore", "avgTopKScore", "rule_p50", "rule_p10", "rule_p90"], "weights": [-0.07072000235757755, -0.5788515953117089, -0.2812372601103505, 0.03905252159580141, -0.03476253240114627, 1.4036341561915098, -0.06346156355044802, -0.19142334186570045, -0.055327116374566256, -0.03173078177522401, -0.013238628914757333, 1.0485280443867224, 0.30425990112141843, 0.4960587173478342, -0.44951750614849756, 0.13312763232464833], "bias": -0.09211939477825884, "metrics": {"cv_acc": 0.5533333333333332, "cv_logloss": 0.7189626577298027, "samples": 720}}